<?xml version="1.0" encoding="UTF-8"?><!DOCTYPE log4j:configuration SYSTEM "log4j.dtd" >
<log4j:configuration>
	<appender name="RFA" class="org.apache.log4j.RollingFileAppender">
        <param name="Append" value="true"/> 
        <param name="File" value="D:/Seretoslog/log1.log"/> 
        <param name="MaxFileSize" value="10MB"/>
        <param name="MaxBackupIndex" value="10"/>
        <layout class="org.apache.log4j.PatternLayout">
            <param name="ConversionPattern" value="%d{yyyy-MM-dd HH:mm:ss.SSS} %5p %c{1}: %m%n"/>
        </layout>
    </appender>
    <appender name="FA" class="org.apache.log4j.RollingFileAppender">
        <param name="Append" value="true"/>  
        <param name="File" value="D:/Seretoslog/log2.log"/> 
        <param name="MaxFileSize" value="10MB"/> 
        <param name="MaxBackupIndex" value="10"/>
        <layout class="org.apache.log4j.PatternLayout">
            <param name="ConversionPattern" value="%d{yyyy-MM-dd HH:mm:ss.SSS} %5p %c{1}: %m%n"/>
        </layout>
    </appender>
    <category name="RFA">
        <priority value="info"></priority> 
        <appender-ref ref="RFA"/>
    </category>
    <category name="FA">
        <priority value="info"></priority>
        <appender-ref ref="FA"/>
    </category>
</log4j:configuration>